cluster,primary_type,count
0,THEFT,11498
0,BATTERY,9274
0,CRIMINAL DAMAGE,5541
0,ASSAULT,4500
0,MOTOR VEHICLE THEFT,3968
0,OTHER OFFENSE,3341
0,DECEPTIVE PRACTICE,2500
0,BURGLARY,2229
0,NARCOTICS,1717
0,CRIMINAL TRESPASS,1314
0,ROBBERY,1182
0,WEAPONS VIOLATION,975
0,CRIMINAL SEXUAL ASSAULT,384
0,OFFENSE INVOLVING CHILDREN,303
0,SEX OFFENSE,246
0,INTERFERENCE WITH PUBLIC OFFICER,227
0,PUBLIC PEACE VIOLATION,207
0,STALKING,119
0,HOMICIDE,80
0,ARSON,77
0,INTIMIDATION,54
0,LIQUOR LAW VIOLATION,40
0,CONCEALED CARRY LICENSE VIOLATION,31
0,KIDNAPPING,24
0,PROSTITUTION,23
0,PUBLIC INDECENCY,8
0,HUMAN TRAFFICKING,7
0,OBSCENITY,6
0,GAMBLING,1
0,OTHER NARCOTIC VIOLATION,1
1,THEFT,105
1,OTHER OFFENSE,22
1,BATTERY,20
1,CRIMINAL DAMAGE,14
1,DECEPTIVE PRACTICE,11
1,ASSAULT,10
1,BURGLARY,9
1,MOTOR VEHICLE THEFT,9
1,NARCOTICS,6
1,WEAPONS VIOLATION,4
1,CRIMINAL TRESPASS,3
1,ROBBERY,2
1,INTIMIDATION,1
1,OFFENSE INVOLVING CHILDREN,1
1,PUBLIC PEACE VIOLATION,1
1,SEX OFFENSE,1
2,BATTERY,10
2,CRIMINAL DAMAGE,4
2,THEFT,4
2,MOTOR VEHICLE THEFT,3
2,CRIMINAL TRESPASS,2
2,ASSAULT,1
2,BURGLARY,1
2,DECEPTIVE PRACTICE,1
2,OBSCENITY,1
2,SEX OFFENSE,1
3,BATTERY,428
3,THEFT,300
3,CRIMINAL DAMAGE,260
3,OTHER OFFENSE,213
3,ASSAULT,175
3,MOTOR VEHICLE THEFT,167
3,BURGLARY,83
3,DECEPTIVE PRACTICE,83
3,NARCOTICS,59
3,ROBBERY,55
3,WEAPONS VIOLATION,49
3,CRIMINAL TRESPASS,43
3,SEX OFFENSE,21
3,OFFENSE INVOLVING CHILDREN,20
3,INTERFERENCE WITH PUBLIC OFFICER,19
3,CRIMINAL SEXUAL ASSAULT,10
3,HOMICIDE,8
3,ARSON,5
3,PUBLIC PEACE VIOLATION,4
3,CONCEALED CARRY LICENSE VIOLATION,2
3,KIDNAPPING,2
3,OBSCENITY,1
3,STALKING,1
4,BATTERY,12
4,ROBBERY,7
4,THEFT,5
4,ASSAULT,2
4,CRIMINAL DAMAGE,2
4,MOTOR VEHICLE THEFT,2
4,WEAPONS VIOLATION,2
4,BURGLARY,1
4,INTERFERENCE WITH PUBLIC OFFICER,1
4,OFFENSE INVOLVING CHILDREN,1
4,OTHER OFFENSE,1
4,SEX OFFENSE,1
5,BATTERY,4
5,THEFT,3
5,DECEPTIVE PRACTICE,2
5,MOTOR VEHICLE THEFT,2
5,CRIMINAL DAMAGE,1
5,OTHER OFFENSE,1
6,DECEPTIVE PRACTICE,9
6,MOTOR VEHICLE THEFT,5
6,THEFT,2
6,ASSAULT,1
6,CRIMINAL DAMAGE,1
6,PUBLIC PEACE VIOLATION,1
7,THEFT,21
7,BATTERY,3
7,CRIMINAL DAMAGE,2
7,OTHER OFFENSE,2
7,SEX OFFENSE,2
7,BURGLARY,1
7,CRIMINAL TRESPASS,1
7,NARCOTICS,1
7,ROBBERY,1
8,THEFT,133
8,BATTERY,86
8,CRIMINAL DAMAGE,53
8,BURGLARY,50
8,MOTOR VEHICLE THEFT,44
8,OTHER OFFENSE,42
8,DECEPTIVE PRACTICE,29
8,ASSAULT,28
8,CRIMINAL TRESPASS,14
8,ROBBERY,11
8,WEAPONS VIOLATION,7
8,NARCOTICS,6
8,OFFENSE INVOLVING CHILDREN,3
8,SEX OFFENSE,3
8,INTERFERENCE WITH PUBLIC OFFICER,2
8,INTIMIDATION,2
8,CONCEALED CARRY LICENSE VIOLATION,1
8,CRIMINAL SEXUAL ASSAULT,1
8,LIQUOR LAW VIOLATION,1
8,PUBLIC PEACE VIOLATION,1
8,STALKING,1
9,THEFT,60
9,ASSAULT,5
9,CRIMINAL DAMAGE,4
9,DECEPTIVE PRACTICE,4
9,BATTERY,3
9,BURGLARY,1
9,MOTOR VEHICLE THEFT,1
9,NARCOTICS,1
9,PUBLIC PEACE VIOLATION,1
10,THEFT,46
10,BATTERY,12
10,OTHER OFFENSE,12
10,CRIMINAL DAMAGE,10
10,DECEPTIVE PRACTICE,7
10,BURGLARY,5
10,MOTOR VEHICLE THEFT,4
10,ASSAULT,3
10,CRIMINAL TRESPASS,3
10,ARSON,1
10,CRIMINAL SEXUAL ASSAULT,1
10,OBSCENITY,1
10,ROBBERY,1
10,SEX OFFENSE,1
10,WEAPONS VIOLATION,1
11,THEFT,5
11,BATTERY,4
11,BURGLARY,3
11,LIQUOR LAW VIOLATION,3
11,ASSAULT,2
11,DECEPTIVE PRACTICE,2
11,MOTOR VEHICLE THEFT,1
11,OTHER OFFENSE,1
11,SEX OFFENSE,1
12,BATTERY,13
12,THEFT,8
12,ASSAULT,5
12,OTHER OFFENSE,4
12,DECEPTIVE PRACTICE,3
12,BURGLARY,1
12,CRIMINAL DAMAGE,1
12,MOTOR VEHICLE THEFT,1
12,OFFENSE INVOLVING CHILDREN,1
12,ROBBERY,1
13,THEFT,82
13,CRIMINAL DAMAGE,14
13,BATTERY,7
13,DECEPTIVE PRACTICE,7
13,MOTOR VEHICLE THEFT,7
13,ASSAULT,6
13,BURGLARY,3
13,CRIMINAL TRESPASS,2
13,NARCOTICS,2
13,PUBLIC PEACE VIOLATION,2
13,ROBBERY,2
13,OTHER OFFENSE,1
13,PROSTITUTION,1
14,BATTERY,6
14,OTHER OFFENSE,6
14,THEFT,6
14,CRIMINAL DAMAGE,5
14,MOTOR VEHICLE THEFT,5
14,ASSAULT,2
14,BURGLARY,1
14,CRIMINAL SEXUAL ASSAULT,1
14,DECEPTIVE PRACTICE,1
14,INTIMIDATION,1
14,ROBBERY,1
15,THEFT,10
15,OTHER OFFENSE,9
15,BATTERY,6
15,ASSAULT,3
15,CRIMINAL DAMAGE,3
15,WEAPONS VIOLATION,3
15,BURGLARY,2
15,DECEPTIVE PRACTICE,2
15,INTERFERENCE WITH PUBLIC OFFICER,2
15,MOTOR VEHICLE THEFT,2
15,CRIMINAL TRESPASS,1
15,NARCOTICS,1
15,OFFENSE INVOLVING CHILDREN,1
15,PROSTITUTION,1
15,ROBBERY,1
15,SEX OFFENSE,1
16,THEFT,99
16,BURGLARY,21
16,BATTERY,19
16,ASSAULT,17
16,CRIMINAL DAMAGE,16
16,MOTOR VEHICLE THEFT,15
16,DECEPTIVE PRACTICE,12
16,OTHER OFFENSE,5
16,ROBBERY,4
16,CRIMINAL TRESPASS,2
16,CRIMINAL SEXUAL ASSAULT,1
16,INTIMIDATION,1
16,NARCOTICS,1
17,BATTERY,15
17,ASSAULT,9
17,THEFT,9
17,CRIMINAL DAMAGE,8
17,MOTOR VEHICLE THEFT,7
17,ROBBERY,5
17,BURGLARY,2
17,OTHER OFFENSE,2
17,CRIMINAL TRESPASS,1
17,WEAPONS VIOLATION,1
18,BATTERY,4
18,CRIMINAL DAMAGE,4
18,MOTOR VEHICLE THEFT,3
18,THEFT,3
18,DECEPTIVE PRACTICE,2
18,ASSAULT,1
18,OTHER OFFENSE,1
19,BATTERY,4
19,ASSAULT,3
19,THEFT,2
19,CRIMINAL DAMAGE,1
19,INTERFERENCE WITH PUBLIC OFFICER,1
19,NARCOTICS,1
19,OTHER OFFENSE,1
19,ROBBERY,1
19,WEAPONS VIOLATION,1
20,THEFT,20
20,CRIMINAL DAMAGE,6
20,MOTOR VEHICLE THEFT,6
20,ASSAULT,5
20,BATTERY,5
20,DECEPTIVE PRACTICE,4
20,BURGLARY,3
20,CRIMINAL TRESPASS,3
20,OTHER OFFENSE,3
20,WEAPONS VIOLATION,2
20,NARCOTICS,1
20,OFFENSE INVOLVING CHILDREN,1
20,PUBLIC PEACE VIOLATION,1
20,STALKING,1
21,DECEPTIVE PRACTICE,11
21,THEFT,5
21,BATTERY,4
21,CRIMINAL TRESPASS,3
21,MOTOR VEHICLE THEFT,2
21,ASSAULT,1
21,CRIMINAL DAMAGE,1
22,THEFT,8
22,MOTOR VEHICLE THEFT,5
22,BATTERY,4
22,CRIMINAL DAMAGE,3
22,DECEPTIVE PRACTICE,3
22,OTHER OFFENSE,2
22,ASSAULT,1
22,BURGLARY,1
22,CRIMINAL TRESPASS,1
22,OFFENSE INVOLVING CHILDREN,1
23,THEFT,14
23,BATTERY,5
23,CRIMINAL DAMAGE,5
23,ASSAULT,3
23,OTHER OFFENSE,2
23,SEX OFFENSE,2
23,BURGLARY,1
23,MOTOR VEHICLE THEFT,1
23,NARCOTICS,1
23,PROSTITUTION,1
24,MOTOR VEHICLE THEFT,7
24,THEFT,6
24,ASSAULT,2
24,BATTERY,1
24,CRIMINAL DAMAGE,1
24,CRIMINAL TRESPASS,1
24,DECEPTIVE PRACTICE,1
24,OTHER OFFENSE,1
25,THEFT,51
25,BATTERY,50
25,ASSAULT,38
25,MOTOR VEHICLE THEFT,34
25,CRIMINAL DAMAGE,25
25,OTHER OFFENSE,20
25,BURGLARY,14
25,DECEPTIVE PRACTICE,14
25,WEAPONS VIOLATION,6
25,ROBBERY,5
25,NARCOTICS,4
25,HOMICIDE,3
25,OFFENSE INVOLVING CHILDREN,3
25,CRIMINAL SEXUAL ASSAULT,2
25,SEX OFFENSE,2
25,CRIMINAL TRESPASS,1
25,INTERFERENCE WITH PUBLIC OFFICER,1
25,OBSCENITY,1
25,STALKING,1
26,BATTERY,3
26,THEFT,3
26,ASSAULT,2
26,OTHER OFFENSE,1
26,WEAPONS VIOLATION,1
27,THEFT,15
27,BATTERY,10
27,ASSAULT,9
27,DECEPTIVE PRACTICE,9
27,MOTOR VEHICLE THEFT,6
27,OTHER OFFENSE,5
27,CRIMINAL TRESPASS,2
27,BURGLARY,1
27,CRIMINAL DAMAGE,1
27,WEAPONS VIOLATION,1
28,THEFT,92
28,ASSAULT,15
28,BATTERY,14
28,CRIMINAL DAMAGE,13
28,DECEPTIVE PRACTICE,8
28,OTHER OFFENSE,8
28,CRIMINAL TRESPASS,4
28,MOTOR VEHICLE THEFT,4
28,BURGLARY,3
28,NARCOTICS,3
28,CRIMINAL SEXUAL ASSAULT,2
28,INTERFERENCE WITH PUBLIC OFFICER,1
28,PUBLIC PEACE VIOLATION,1
28,ROBBERY,1
28,WEAPONS VIOLATION,1
29,BATTERY,16
29,ASSAULT,7
29,THEFT,7
29,CRIMINAL DAMAGE,6
29,MOTOR VEHICLE THEFT,6
29,OTHER OFFENSE,4
29,CRIMINAL TRESPASS,2
29,DECEPTIVE PRACTICE,2
29,INTERFERENCE WITH PUBLIC OFFICER,2
29,ROBBERY,2
29,ARSON,1
29,SEX OFFENSE,1
30,CRIMINAL DAMAGE,8
30,THEFT,5
30,BURGLARY,4
30,OTHER OFFENSE,4
30,ASSAULT,3
30,BATTERY,3
30,MOTOR VEHICLE THEFT,2
30,CRIMINAL SEXUAL ASSAULT,1
30,DECEPTIVE PRACTICE,1
30,INTIMIDATION,1
31,BATTERY,6
31,OTHER OFFENSE,4
31,ASSAULT,2
31,BURGLARY,2
31,CRIMINAL DAMAGE,2
31,DECEPTIVE PRACTICE,2
31,MOTOR VEHICLE THEFT,2
31,CRIMINAL TRESPASS,1
31,OFFENSE INVOLVING CHILDREN,1
31,THEFT,1
32,THEFT,7
32,PROSTITUTION,5
32,BATTERY,3
32,OTHER OFFENSE,3
32,MOTOR VEHICLE THEFT,2
32,ASSAULT,1
32,CRIMINAL DAMAGE,1
32,CRIMINAL TRESPASS,1
32,DECEPTIVE PRACTICE,1
32,SEX OFFENSE,1
33,BATTERY,8
33,THEFT,6
33,OTHER OFFENSE,5
33,BURGLARY,3
33,CRIMINAL DAMAGE,3
33,DECEPTIVE PRACTICE,3
33,ASSAULT,2
33,CRIMINAL TRESPASS,2
33,INTERFERENCE WITH PUBLIC OFFICER,2
33,MOTOR VEHICLE THEFT,2
33,NARCOTICS,2
34,BURGLARY,7
34,CRIMINAL DAMAGE,7
34,BATTERY,4
34,THEFT,4
34,MOTOR VEHICLE THEFT,3
34,DECEPTIVE PRACTICE,2
34,OTHER OFFENSE,2
34,ASSAULT,1
35,BATTERY,16
35,THEFT,16
35,CRIMINAL DAMAGE,15
35,ASSAULT,11
35,DECEPTIVE PRACTICE,5
35,BURGLARY,4
35,OTHER OFFENSE,4
35,MOTOR VEHICLE THEFT,2
35,ROBBERY,2
35,ARSON,1
35,CRIMINAL TRESPASS,1
35,INTERFERENCE WITH PUBLIC OFFICER,1
35,NARCOTICS,1
35,WEAPONS VIOLATION,1
36,MOTOR VEHICLE THEFT,14
36,BATTERY,13
36,OTHER OFFENSE,11
36,THEFT,9
36,ASSAULT,7
36,BURGLARY,6
36,CRIMINAL DAMAGE,5
36,DECEPTIVE PRACTICE,5
36,CRIMINAL SEXUAL ASSAULT,2
36,CRIMINAL TRESPASS,2
36,OFFENSE INVOLVING CHILDREN,1
36,PUBLIC PEACE VIOLATION,1
37,BATTERY,54
37,ASSAULT,28
37,OTHER OFFENSE,26
37,THEFT,25
37,CRIMINAL DAMAGE,20
37,MOTOR VEHICLE THEFT,11
37,ROBBERY,8
37,WEAPONS VIOLATION,6
37,BURGLARY,5
37,CRIMINAL TRESPASS,4
37,CRIMINAL SEXUAL ASSAULT,2
37,ARSON,1
37,DECEPTIVE PRACTICE,1
37,HOMICIDE,1
37,INTERFERENCE WITH PUBLIC OFFICER,1
37,OFFENSE INVOLVING CHILDREN,1
38,THEFT,84
38,ASSAULT,5
38,BATTERY,5
38,MOTOR VEHICLE THEFT,5
38,CRIMINAL DAMAGE,3
38,CRIMINAL TRESPASS,2
38,ROBBERY,2
38,OTHER OFFENSE,1
38,SEX OFFENSE,1
39,BATTERY,11
39,THEFT,8
39,CRIMINAL DAMAGE,6
39,MOTOR VEHICLE THEFT,6
39,OTHER OFFENSE,5
39,ASSAULT,3
39,CRIMINAL TRESPASS,2
39,DECEPTIVE PRACTICE,2
39,NARCOTICS,2
39,BURGLARY,1
39,CRIMINAL SEXUAL ASSAULT,1
39,HOMICIDE,1
39,INTERFERENCE WITH PUBLIC OFFICER,1
39,OFFENSE INVOLVING CHILDREN,1
39,SEX OFFENSE,1
40,THEFT,5
40,CRIMINAL DAMAGE,4
40,BATTERY,3
40,ASSAULT,2
40,CRIMINAL TRESPASS,2
40,OTHER OFFENSE,2
40,DECEPTIVE PRACTICE,1
41,THEFT,14
41,BATTERY,8
41,BURGLARY,5
41,CRIMINAL DAMAGE,5
41,CRIMINAL TRESPASS,5
41,DECEPTIVE PRACTICE,4
41,MOTOR VEHICLE THEFT,4
41,ASSAULT,3
41,OTHER OFFENSE,3
41,NARCOTICS,1
41,ROBBERY,1
42,CRIMINAL SEXUAL ASSAULT,6
42,BATTERY,5
42,THEFT,3
42,ASSAULT,2
42,DECEPTIVE PRACTICE,2
42,OFFENSE INVOLVING CHILDREN,2
42,INTERFERENCE WITH PUBLIC OFFICER,1
42,MOTOR VEHICLE THEFT,1
42,OTHER OFFENSE,1
43,CRIMINAL DAMAGE,5
43,BATTERY,4
43,MOTOR VEHICLE THEFT,3
43,THEFT,2
43,ASSAULT,1
43,DECEPTIVE PRACTICE,1
43,OFFENSE INVOLVING CHILDREN,1
44,THEFT,11
44,CONCEALED CARRY LICENSE VIOLATION,4
44,BATTERY,3
44,CRIMINAL TRESPASS,2
44,NARCOTICS,2
44,OTHER OFFENSE,2
44,WEAPONS VIOLATION,2
44,ASSAULT,1
44,CRIMINAL SEXUAL ASSAULT,1
45,THEFT,9
45,CRIMINAL DAMAGE,6
45,MOTOR VEHICLE THEFT,4
45,BATTERY,3
45,ASSAULT,2
45,CRIMINAL TRESPASS,2
45,DECEPTIVE PRACTICE,2
45,BURGLARY,1
45,OTHER OFFENSE,1
45,ROBBERY,1
45,SEX OFFENSE,1
45,WEAPONS VIOLATION,1
46,THEFT,16
46,BATTERY,12
46,CRIMINAL TRESPASS,8
46,CONCEALED CARRY LICENSE VIOLATION,7
46,WEAPONS VIOLATION,6
46,DECEPTIVE PRACTICE,4
46,ASSAULT,3
46,OTHER OFFENSE,3
46,CRIMINAL DAMAGE,2
46,MOTOR VEHICLE THEFT,2
46,PUBLIC PEACE VIOLATION,2
46,NARCOTICS,1
46,SEX OFFENSE,1
47,BATTERY,11
47,ASSAULT,9
47,CRIMINAL DAMAGE,6
47,OTHER OFFENSE,4
47,MOTOR VEHICLE THEFT,3
47,ROBBERY,3
47,THEFT,3
47,DECEPTIVE PRACTICE,2
47,BURGLARY,1
47,CRIMINAL SEXUAL ASSAULT,1
47,CRIMINAL TRESPASS,1
47,NARCOTICS,1
48,BATTERY,7
48,MOTOR VEHICLE THEFT,4
48,CRIMINAL DAMAGE,3
48,ASSAULT,2
48,CRIMINAL SEXUAL ASSAULT,1
48,DECEPTIVE PRACTICE,1
48,OTHER OFFENSE,1
48,ROBBERY,1
48,THEFT,1
49,THEFT,5
49,ASSAULT,2
49,DECEPTIVE PRACTICE,2
49,BURGLARY,1
49,CRIMINAL DAMAGE,1
49,ROBBERY,1
50,CRIMINAL DAMAGE,19
50,MOTOR VEHICLE THEFT,14
50,THEFT,9
50,BATTERY,8
50,ASSAULT,5
50,WEAPONS VIOLATION,5
50,DECEPTIVE PRACTICE,3
50,OTHER OFFENSE,3
50,BURGLARY,1
50,INTERFERENCE WITH PUBLIC OFFICER,1
50,ROBBERY,1
51,THEFT,22
51,BATTERY,19
51,CRIMINAL DAMAGE,17
51,ASSAULT,16
51,OTHER OFFENSE,14
51,MOTOR VEHICLE THEFT,13
51,BURGLARY,8
51,DECEPTIVE PRACTICE,7
51,CRIMINAL TRESPASS,2
51,NARCOTICS,2
51,ROBBERY,2
51,STALKING,2
51,WEAPONS VIOLATION,2
51,INTERFERENCE WITH PUBLIC OFFICER,1
51,OFFENSE INVOLVING CHILDREN,1
52,CRIMINAL DAMAGE,5
52,ASSAULT,3
52,BATTERY,1
52,BURGLARY,1
52,DECEPTIVE PRACTICE,1
52,MOTOR VEHICLE THEFT,1
52,OTHER OFFENSE,1
53,THEFT,13
53,CRIMINAL DAMAGE,12
53,ASSAULT,9
53,BATTERY,9
53,DECEPTIVE PRACTICE,8
53,CRIMINAL TRESPASS,5
53,MOTOR VEHICLE THEFT,5
53,OTHER OFFENSE,3
53,BURGLARY,2
53,STALKING,2
53,CRIMINAL SEXUAL ASSAULT,1
53,ROBBERY,1
54,BATTERY,13
54,THEFT,9
54,CRIMINAL DAMAGE,4
54,DECEPTIVE PRACTICE,4
54,ROBBERY,2
54,INTERFERENCE WITH PUBLIC OFFICER,1
54,MOTOR VEHICLE THEFT,1
54,OFFENSE INVOLVING CHILDREN,1
54,OTHER OFFENSE,1
55,BATTERY,16
55,CRIMINAL DAMAGE,14
55,ASSAULT,8
55,MOTOR VEHICLE THEFT,4
55,OTHER OFFENSE,4
55,THEFT,3
55,ROBBERY,2
55,BURGLARY,1
55,DECEPTIVE PRACTICE,1
55,NARCOTICS,1
56,BATTERY,13
56,CRIMINAL DAMAGE,12
56,ASSAULT,6
56,OTHER OFFENSE,6
56,THEFT,6
56,MOTOR VEHICLE THEFT,5
56,BURGLARY,3
56,ROBBERY,2
56,DECEPTIVE PRACTICE,1
56,SEX OFFENSE,1
56,STALKING,1
56,WEAPONS VIOLATION,1
57,BATTERY,8
57,THEFT,4
57,CRIMINAL DAMAGE,3
57,MOTOR VEHICLE THEFT,2
57,ASSAULT,1
57,DECEPTIVE PRACTICE,1
57,NARCOTICS,1
58,BATTERY,7
58,MOTOR VEHICLE THEFT,7
58,ASSAULT,5
58,CRIMINAL DAMAGE,3
58,OTHER OFFENSE,3
58,THEFT,3
58,BURGLARY,2
58,CRIMINAL SEXUAL ASSAULT,1
58,SEX OFFENSE,1
58,WEAPONS VIOLATION,1
59,BATTERY,8
59,THEFT,4
59,BURGLARY,3
59,ASSAULT,1
59,CRIMINAL DAMAGE,1
59,MOTOR VEHICLE THEFT,1
59,OFFENSE INVOLVING CHILDREN,1
59,OTHER OFFENSE,1
59,ROBBERY,1
60,THEFT,14
60,OTHER OFFENSE,4
60,BATTERY,2
60,CRIMINAL DAMAGE,2
60,ASSAULT,1
60,ROBBERY,1
61,THEFT,14
61,CRIMINAL DAMAGE,8
61,BATTERY,7
61,DECEPTIVE PRACTICE,7
61,ASSAULT,5
61,BURGLARY,5
61,OTHER OFFENSE,5
61,CRIMINAL SEXUAL ASSAULT,2
61,CRIMINAL TRESPASS,2
61,MOTOR VEHICLE THEFT,2
61,NARCOTICS,1
61,PUBLIC PEACE VIOLATION,1
61,SEX OFFENSE,1
62,CRIMINAL DAMAGE,8
62,MOTOR VEHICLE THEFT,5
62,ASSAULT,2
62,DECEPTIVE PRACTICE,2
62,OTHER OFFENSE,2
62,BATTERY,1
62,THEFT,1
63,ASSAULT,2
63,CRIMINAL DAMAGE,2
63,DECEPTIVE PRACTICE,2
63,OTHER OFFENSE,2
63,THEFT,2
63,BURGLARY,1
63,MOTOR VEHICLE THEFT,1
64,BATTERY,12
64,THEFT,8
64,ASSAULT,6
64,CRIMINAL DAMAGE,2
64,NARCOTICS,1
64,OFFENSE INVOLVING CHILDREN,1
64,OTHER OFFENSE,1
65,THEFT,32
65,BATTERY,7
65,CRIMINAL TRESPASS,6
65,OTHER OFFENSE,5
65,ASSAULT,4
65,CONCEALED CARRY LICENSE VIOLATION,2
65,DECEPTIVE PRACTICE,2
65,WEAPONS VIOLATION,2
65,BURGLARY,1
65,CRIMINAL DAMAGE,1
65,MOTOR VEHICLE THEFT,1
66,BATTERY,1
66,INTERFERENCE WITH PUBLIC OFFICER,1
67,BATTERY,3
67,ASSAULT,2
67,MOTOR VEHICLE THEFT,2
67,CRIMINAL DAMAGE,1
67,DECEPTIVE PRACTICE,1
67,INTIMIDATION,1
67,PUBLIC PEACE VIOLATION,1
68,CRIMINAL DAMAGE,11
68,BATTERY,5
68,OTHER OFFENSE,4
68,THEFT,4
68,BURGLARY,1
68,MOTOR VEHICLE THEFT,1
68,ROBBERY,1
69,BATTERY,5
69,ASSAULT,3
69,CRIMINAL DAMAGE,3
69,MOTOR VEHICLE THEFT,3
69,NARCOTICS,3
69,THEFT,3
69,OTHER OFFENSE,2
69,CRIMINAL TRESPASS,1
69,DECEPTIVE PRACTICE,1
70,OTHER OFFENSE,5
70,CRIMINAL DAMAGE,3
70,MOTOR VEHICLE THEFT,3
70,BATTERY,2
70,THEFT,2
70,ASSAULT,1
70,NARCOTICS,1
70,PUBLIC PEACE VIOLATION,1
70,ROBBERY,1
70,WEAPONS VIOLATION,1
71,CRIMINAL DAMAGE,4
71,OTHER OFFENSE,4
71,ASSAULT,3
71,BATTERY,3
71,THEFT,2
71,MOTOR VEHICLE THEFT,1
71,ROBBERY,1
72,BATTERY,16
72,THEFT,11
72,ASSAULT,7
72,DECEPTIVE PRACTICE,6
72,OTHER OFFENSE,6
72,CRIMINAL DAMAGE,5
72,MOTOR VEHICLE THEFT,4
72,WEAPONS VIOLATION,3
72,NARCOTICS,2
72,BURGLARY,1
72,CRIMINAL TRESPASS,1
73,THEFT,10
73,ASSAULT,5
73,DECEPTIVE PRACTICE,4
73,BATTERY,3
73,CRIMINAL DAMAGE,1
73,MOTOR VEHICLE THEFT,1
74,BATTERY,6
74,CRIMINAL DAMAGE,6
74,THEFT,3
74,ASSAULT,2
74,DECEPTIVE PRACTICE,2
74,MOTOR VEHICLE THEFT,2
74,CRIMINAL SEXUAL ASSAULT,1
74,INTERFERENCE WITH PUBLIC OFFICER,1
74,NARCOTICS,1
74,OTHER OFFENSE,1
74,PUBLIC PEACE VIOLATION,1
74,ROBBERY,1
75,BATTERY,8
75,ASSAULT,3
75,CRIMINAL DAMAGE,3
75,THEFT,3
75,DECEPTIVE PRACTICE,2
75,CRIMINAL TRESPASS,1
75,MOTOR VEHICLE THEFT,1
75,NARCOTICS,1
75,STALKING,1
75,WEAPONS VIOLATION,1
76,BATTERY,4
76,MOTOR VEHICLE THEFT,4
76,THEFT,4
76,ASSAULT,3
76,BURGLARY,2
76,OTHER OFFENSE,2
76,WEAPONS VIOLATION,2
76,CRIMINAL DAMAGE,1
76,SEX OFFENSE,1
77,BATTERY,3
77,CRIMINAL DAMAGE,3
77,MOTOR VEHICLE THEFT,2
77,THEFT,2
77,ASSAULT,1
77,BURGLARY,1
77,ROBBERY,1
78,BATTERY,7
78,THEFT,7
78,CRIMINAL DAMAGE,4
78,ASSAULT,1
78,BURGLARY,1
78,CRIMINAL TRESPASS,1
78,DECEPTIVE PRACTICE,1
78,MOTOR VEHICLE THEFT,1
78,OTHER OFFENSE,1
79,THEFT,24
79,DECEPTIVE PRACTICE,2
79,NARCOTICS,2
79,ASSAULT,1
79,CRIMINAL TRESPASS,1
80,BATTERY,12
80,CRIMINAL DAMAGE,6
80,THEFT,6
80,MOTOR VEHICLE THEFT,4
80,ASSAULT,3
80,BURGLARY,1
80,DECEPTIVE PRACTICE,1
80,KIDNAPPING,1
80,NARCOTICS,1
80,OFFENSE INVOLVING CHILDREN,1
80,OTHER OFFENSE,1
80,WEAPONS VIOLATION,1
81,THEFT,24
81,BATTERY,18
81,ASSAULT,9
81,BURGLARY,8
81,MOTOR VEHICLE THEFT,8
81,DECEPTIVE PRACTICE,7
81,OTHER OFFENSE,7
81,CRIMINAL DAMAGE,6
81,CRIMINAL TRESPASS,5
81,CRIMINAL SEXUAL ASSAULT,4
81,NARCOTICS,4
81,ROBBERY,4
81,INTERFERENCE WITH PUBLIC OFFICER,1
81,PUBLIC PEACE VIOLATION,1
81,SEX OFFENSE,1
82,BATTERY,3
82,CRIMINAL DAMAGE,3
82,BURGLARY,2
82,OTHER OFFENSE,2
82,THEFT,2
82,ASSAULT,1
82,DECEPTIVE PRACTICE,1
82,MOTOR VEHICLE THEFT,1
83,BURGLARY,7
83,THEFT,6
83,ASSAULT,2
83,CRIMINAL DAMAGE,2
83,DECEPTIVE PRACTICE,2
83,BATTERY,1
83,CRIMINAL TRESPASS,1
84,BATTERY,5
84,BURGLARY,5
84,DECEPTIVE PRACTICE,4
84,MOTOR VEHICLE THEFT,4
84,CRIMINAL DAMAGE,3
84,THEFT,3
84,OTHER OFFENSE,2
84,ASSAULT,1
85,CRIMINAL DAMAGE,5
85,BURGLARY,2
85,MOTOR VEHICLE THEFT,2
85,OTHER OFFENSE,2
85,THEFT,1
86,THEFT,6
86,BATTERY,5
86,BURGLARY,4
86,CRIMINAL DAMAGE,4
86,OTHER OFFENSE,4
86,ASSAULT,3
86,DECEPTIVE PRACTICE,2
86,MOTOR VEHICLE THEFT,2
86,CRIMINAL TRESPASS,1
87,BATTERY,9
87,OTHER OFFENSE,8
87,ASSAULT,4
87,CRIMINAL DAMAGE,4
87,THEFT,4
87,BURGLARY,3
87,MOTOR VEHICLE THEFT,3
87,NARCOTICS,2
87,CRIMINAL TRESPASS,1
87,LIQUOR LAW VIOLATION,1
87,ROBBERY,1
87,WEAPONS VIOLATION,1
88,BATTERY,4
88,BURGLARY,3
88,ASSAULT,2
88,DECEPTIVE PRACTICE,1
88,INTERFERENCE WITH PUBLIC OFFICER,1
88,OTHER OFFENSE,1
88,THEFT,1
89,THEFT,16
89,MOTOR VEHICLE THEFT,4
89,BURGLARY,1
89,CRIMINAL TRESPASS,1
89,DECEPTIVE PRACTICE,1
89,OTHER OFFENSE,1
89,ROBBERY,1
90,BATTERY,3
90,MOTOR VEHICLE THEFT,3
90,ASSAULT,2
90,BURGLARY,2
90,CRIMINAL DAMAGE,1
90,DECEPTIVE PRACTICE,1
90,ROBBERY,1
91,BATTERY,7
91,OTHER OFFENSE,7
91,BURGLARY,4
91,DECEPTIVE PRACTICE,4
91,THEFT,3
91,ASSAULT,1
91,MOTOR VEHICLE THEFT,1
91,PROSTITUTION,1
91,SEX OFFENSE,1
92,OTHER OFFENSE,4
92,DECEPTIVE PRACTICE,3
92,MOTOR VEHICLE THEFT,2
92,BATTERY,1
92,BURGLARY,1
92,THEFT,1
92,WEAPONS VIOLATION,1
93,BURGLARY,5
93,BATTERY,4
93,MOTOR VEHICLE THEFT,2
93,THEFT,2
93,ASSAULT,1
93,CRIMINAL TRESPASS,1
93,WEAPONS VIOLATION,1
94,BATTERY,5
94,MOTOR VEHICLE THEFT,5
94,THEFT,5
94,CRIMINAL DAMAGE,4
94,ASSAULT,3
94,PUBLIC PEACE VIOLATION,2
94,WEAPONS VIOLATION,2
94,DECEPTIVE PRACTICE,1
94,INTERFERENCE WITH PUBLIC OFFICER,1
94,OBSCENITY,1
94,OFFENSE INVOLVING CHILDREN,1
94,OTHER OFFENSE,1
95,BATTERY,3
95,THEFT,3
95,CRIMINAL DAMAGE,2
95,WEAPONS VIOLATION,2
95,CRIMINAL SEXUAL ASSAULT,1
95,MOTOR VEHICLE THEFT,1
95,OFFENSE INVOLVING CHILDREN,1
96,BATTERY,6
96,CRIMINAL DAMAGE,5
96,ASSAULT,3
96,MOTOR VEHICLE THEFT,2
96,BURGLARY,1
96,CONCEALED CARRY LICENSE VIOLATION,1
96,OTHER OFFENSE,1
96,THEFT,1
97,THEFT,7
97,MOTOR VEHICLE THEFT,5
97,CRIMINAL TRESPASS,3
97,OTHER OFFENSE,3
97,BATTERY,2
97,CRIMINAL DAMAGE,2
97,ASSAULT,1
97,BURGLARY,1
97,DECEPTIVE PRACTICE,1
97,HUMAN TRAFFICKING,1
97,OFFENSE INVOLVING CHILDREN,1
97,PROSTITUTION,1
97,WEAPONS VIOLATION,1
98,BATTERY,2
98,BURGLARY,2
98,OTHER OFFENSE,2
98,CRIMINAL DAMAGE,1
98,CRIMINAL SEXUAL ASSAULT,1
98,CRIMINAL TRESPASS,1
98,MOTOR VEHICLE THEFT,1
98,ROBBERY,1
98,THEFT,1
99,THEFT,28
99,PUBLIC PEACE VIOLATION,12
99,BATTERY,10
99,ASSAULT,5
99,CONCEALED CARRY LICENSE VIOLATION,5
99,DECEPTIVE PRACTICE,5
99,CRIMINAL TRESPASS,4
99,CRIMINAL DAMAGE,3
99,NARCOTICS,3
99,MOTOR VEHICLE THEFT,2
99,OTHER OFFENSE,2
99,BURGLARY,1
100,OTHER OFFENSE,5
100,ASSAULT,3
100,THEFT,3
100,DECEPTIVE PRACTICE,2
100,STALKING,2
100,BURGLARY,1
100,CRIMINAL TRESPASS,1
100,MOTOR VEHICLE THEFT,1
100,OFFENSE INVOLVING CHILDREN,1
101,ASSAULT,2
101,BATTERY,2
101,CRIMINAL DAMAGE,2
101,CRIMINAL SEXUAL ASSAULT,2
101,OTHER OFFENSE,2
101,THEFT,2
101,BURGLARY,1
101,DECEPTIVE PRACTICE,1
101,MOTOR VEHICLE THEFT,1
101,WEAPONS VIOLATION,1
102,THEFT,22
102,BATTERY,12
102,CRIMINAL DAMAGE,12
102,MOTOR VEHICLE THEFT,8
102,DECEPTIVE PRACTICE,4
102,ASSAULT,3
102,OTHER OFFENSE,3
102,CRIMINAL TRESPASS,2
102,INTERFERENCE WITH PUBLIC OFFICER,1
102,OFFENSE INVOLVING CHILDREN,1
102,ROBBERY,1
102,SEX OFFENSE,1
102,WEAPONS VIOLATION,1
103,DECEPTIVE PRACTICE,3
103,BATTERY,2
103,BURGLARY,2
103,CRIMINAL DAMAGE,2
103,ROBBERY,2
103,ASSAULT,1
103,CRIMINAL TRESPASS,1
103,THEFT,1
104,BATTERY,11
104,MOTOR VEHICLE THEFT,7
104,THEFT,7
104,ASSAULT,4
104,CRIMINAL DAMAGE,4
104,BURGLARY,3
104,DECEPTIVE PRACTICE,3
104,ROBBERY,2
104,INTIMIDATION,1
104,NARCOTICS,1
104,OFFENSE INVOLVING CHILDREN,1
104,SEX OFFENSE,1
105,THEFT,18
105,CRIMINAL DAMAGE,9
105,BATTERY,8
105,BURGLARY,8
105,MOTOR VEHICLE THEFT,7
105,OTHER OFFENSE,7
105,DECEPTIVE PRACTICE,6
105,CRIMINAL TRESPASS,5
105,ASSAULT,4
105,WEAPONS VIOLATION,3
105,NARCOTICS,2
105,OFFENSE INVOLVING CHILDREN,2
105,CRIMINAL SEXUAL ASSAULT,1
105,ROBBERY,1
105,STALKING,1
106,BATTERY,4
106,CRIMINAL DAMAGE,3
106,MOTOR VEHICLE THEFT,3
106,ASSAULT,2
106,THEFT,2
106,CRIMINAL TRESPASS,1
106,OTHER OFFENSE,1
107,CRIMINAL DAMAGE,11
107,BATTERY,10
107,MOTOR VEHICLE THEFT,8
107,ASSAULT,6
107,THEFT,6
107,DECEPTIVE PRACTICE,3
107,OTHER OFFENSE,3
107,BURGLARY,1
107,CRIMINAL TRESPASS,1
107,INTERFERENCE WITH PUBLIC OFFICER,1
107,WEAPONS VIOLATION,1
108,BATTERY,10
108,CRIMINAL DAMAGE,3
108,THEFT,3
108,ASSAULT,1
108,DECEPTIVE PRACTICE,1
108,LIQUOR LAW VIOLATION,1
108,MOTOR VEHICLE THEFT,1
108,OTHER OFFENSE,1
108,WEAPONS VIOLATION,1
109,THEFT,3
109,BATTERY,2
109,DECEPTIVE PRACTICE,2
109,MOTOR VEHICLE THEFT,2
109,OTHER OFFENSE,2
110,THEFT,10
110,CRIMINAL DAMAGE,8
110,MOTOR VEHICLE THEFT,8
110,BATTERY,7
110,OTHER OFFENSE,6
110,ASSAULT,3
110,BURGLARY,3
110,CRIMINAL TRESPASS,1
110,DECEPTIVE PRACTICE,1
110,LIQUOR LAW VIOLATION,1
110,SEX OFFENSE,1
111,BATTERY,5
111,NARCOTICS,4
111,DECEPTIVE PRACTICE,2
111,THEFT,2
111,WEAPONS VIOLATION,2
111,ARSON,1
111,ASSAULT,1
111,CRIMINAL DAMAGE,1
111,HOMICIDE,1
111,MOTOR VEHICLE THEFT,1
111,OTHER OFFENSE,1
112,BATTERY,10
112,CRIMINAL DAMAGE,7
112,OTHER OFFENSE,4
112,ASSAULT,3
112,MOTOR VEHICLE THEFT,2
112,NARCOTICS,1
112,OFFENSE INVOLVING CHILDREN,1
112,SEX OFFENSE,1
112,THEFT,1
112,WEAPONS VIOLATION,1
113,BATTERY,5
113,THEFT,4
113,BURGLARY,3
113,ARSON,2
113,MOTOR VEHICLE THEFT,2
113,ASSAULT,1
113,CRIMINAL DAMAGE,1
113,DECEPTIVE PRACTICE,1
113,PUBLIC PEACE VIOLATION,1
113,WEAPONS VIOLATION,1
114,THEFT,5
114,BURGLARY,3
114,MOTOR VEHICLE THEFT,3
114,OTHER OFFENSE,3
114,CRIMINAL TRESPASS,2
114,BATTERY,1
114,CRIMINAL DAMAGE,1
114,DECEPTIVE PRACTICE,1
114,INTIMIDATION,1
114,STALKING,1
115,DECEPTIVE PRACTICE,7
115,THEFT,4
115,CRIMINAL DAMAGE,1
115,MOTOR VEHICLE THEFT,1
115,OTHER OFFENSE,1
116,MOTOR VEHICLE THEFT,4
116,THEFT,3
116,ASSAULT,2
116,CRIMINAL DAMAGE,2
116,DECEPTIVE PRACTICE,2
116,BATTERY,1
117,DECEPTIVE PRACTICE,5
117,THEFT,4
117,MOTOR VEHICLE THEFT,3
117,ASSAULT,1
117,BATTERY,1
118,CRIMINAL DAMAGE,10
118,THEFT,4
118,MOTOR VEHICLE THEFT,2
118,ASSAULT,1
118,BURGLARY,1
119,ASSAULT,5
119,BATTERY,4
119,DECEPTIVE PRACTICE,3
119,THEFT,3
119,CRIMINAL DAMAGE,1
119,MOTOR VEHICLE THEFT,1
119,NARCOTICS,1
120,OTHER OFFENSE,5
120,BATTERY,4
120,CRIMINAL DAMAGE,2
120,CONCEALED CARRY LICENSE VIOLATION,1
120,CRIMINAL TRESPASS,1
120,THEFT,1
121,THEFT,8
121,BATTERY,6
121,WEAPONS VIOLATION,4
121,CONCEALED CARRY LICENSE VIOLATION,3
121,ASSAULT,2
121,NARCOTICS,2
121,OFFENSE INVOLVING CHILDREN,1
121,OTHER OFFENSE,1
121,PUBLIC PEACE VIOLATION,1
122,BATTERY,12
122,THEFT,6
122,ASSAULT,5
122,CRIMINAL DAMAGE,5
122,MOTOR VEHICLE THEFT,4
122,WEAPONS VIOLATION,3
122,CRIMINAL TRESPASS,2
122,DECEPTIVE PRACTICE,1
122,OFFENSE INVOLVING CHILDREN,1
122,OTHER OFFENSE,1
122,SEX OFFENSE,1
123,BATTERY,6
123,CRIMINAL DAMAGE,4
123,DECEPTIVE PRACTICE,4
123,OTHER OFFENSE,4
123,THEFT,4
123,ASSAULT,3
123,MOTOR VEHICLE THEFT,2
123,BURGLARY,1
123,CRIMINAL SEXUAL ASSAULT,1
123,CRIMINAL TRESPASS,1
123,PUBLIC PEACE VIOLATION,1
123,SEX OFFENSE,1
124,BATTERY,6
124,ASSAULT,4
124,CRIMINAL DAMAGE,1
124,DECEPTIVE PRACTICE,1
124,OTHER OFFENSE,1
125,THEFT,6
125,BATTERY,4
125,BURGLARY,2
125,CRIMINAL DAMAGE,1
125,MOTOR VEHICLE THEFT,1
125,OTHER OFFENSE,1
125,ROBBERY,1
126,BATTERY,5
126,OTHER OFFENSE,3
126,THEFT,3
126,ASSAULT,2
126,MOTOR VEHICLE THEFT,2
126,BURGLARY,1
126,CRIMINAL DAMAGE,1
126,DECEPTIVE PRACTICE,1
126,WEAPONS VIOLATION,1
127,OTHER OFFENSE,5
127,DECEPTIVE PRACTICE,4
127,CRIMINAL DAMAGE,3
127,BURGLARY,1
127,CRIMINAL SEXUAL ASSAULT,1
127,MOTOR VEHICLE THEFT,1
127,THEFT,1
128,BATTERY,3
128,THEFT,2
128,BURGLARY,1
128,CRIMINAL DAMAGE,1
128,DECEPTIVE PRACTICE,1
128,MOTOR VEHICLE THEFT,1
128,ROBBERY,1
129,THEFT,5
129,ASSAULT,3
129,BATTERY,3
129,CRIMINAL DAMAGE,3
129,DECEPTIVE PRACTICE,3
129,OTHER OFFENSE,3
129,MOTOR VEHICLE THEFT,2
129,BURGLARY,1
129,CRIMINAL TRESPASS,1
129,NARCOTICS,1
130,BATTERY,6
130,OTHER OFFENSE,3
130,ASSAULT,1
130,BURGLARY,1
130,MOTOR VEHICLE THEFT,1
130,OFFENSE INVOLVING CHILDREN,1
130,THEFT,1
131,BATTERY,6
131,MOTOR VEHICLE THEFT,4
131,THEFT,2
131,ARSON,1
131,ASSAULT,1
131,CRIMINAL TRESPASS,1
132,THEFT,9
132,BATTERY,7
132,MOTOR VEHICLE THEFT,6
132,OTHER OFFENSE,4
132,BURGLARY,2
132,ASSAULT,1
132,CRIMINAL TRESPASS,1
132,PUBLIC PEACE VIOLATION,1
132,ROBBERY,1
132,SEX OFFENSE,1
132,WEAPONS VIOLATION,1
133,BATTERY,6
133,MOTOR VEHICLE THEFT,4
133,THEFT,3
133,OTHER OFFENSE,2
133,ASSAULT,1
133,BURGLARY,1
133,CRIMINAL DAMAGE,1
133,DECEPTIVE PRACTICE,1
134,BATTERY,3
134,THEFT,3
134,OTHER OFFENSE,2
134,ASSAULT,1
134,BURGLARY,1
134,CRIMINAL DAMAGE,1
134,DECEPTIVE PRACTICE,1
134,MOTOR VEHICLE THEFT,1
135,BATTERY,5
135,THEFT,3
135,CRIMINAL TRESPASS,2
135,DECEPTIVE PRACTICE,2
135,MOTOR VEHICLE THEFT,2
135,NARCOTICS,2
135,OTHER OFFENSE,2
135,ASSAULT,1
135,CRIMINAL DAMAGE,1
136,CRIMINAL DAMAGE,5
136,THEFT,4
136,BATTERY,1
136,DECEPTIVE PRACTICE,1
136,MOTOR VEHICLE THEFT,1
136,OTHER OFFENSE,1
136,WEAPONS VIOLATION,1
137,DECEPTIVE PRACTICE,2
137,OTHER OFFENSE,2
137,THEFT,2
137,ASSAULT,1
137,WEAPONS VIOLATION,1
138,CRIMINAL DAMAGE,4
138,ASSAULT,2
138,BATTERY,2
138,MOTOR VEHICLE THEFT,2
138,THEFT,2
138,CRIMINAL TRESPASS,1
139,CRIMINAL DAMAGE,19
140,THEFT,9
140,ASSAULT,3
140,DECEPTIVE PRACTICE,2
140,ROBBERY,2
140,BURGLARY,1
140,CRIMINAL DAMAGE,1
140,PUBLIC PEACE VIOLATION,1
141,BATTERY,4
141,DECEPTIVE PRACTICE,2
141,THEFT,2
141,ASSAULT,1
141,MOTOR VEHICLE THEFT,1
141,ROBBERY,1
142,THEFT,8
142,BATTERY,5
142,CRIMINAL DAMAGE,4
142,MOTOR VEHICLE THEFT,3
142,OTHER OFFENSE,3
142,DECEPTIVE PRACTICE,1
142,ROBBERY,1
143,BATTERY,3
143,SEX OFFENSE,2
143,THEFT,2
143,ASSAULT,1
143,BURGLARY,1
143,CRIMINAL DAMAGE,1
143,CRIMINAL TRESPASS,1
143,OTHER OFFENSE,1
143,ROBBERY,1
144,DECEPTIVE PRACTICE,3
144,BATTERY,2
144,BURGLARY,1
144,CRIMINAL DAMAGE,1
144,INTIMIDATION,1
144,MOTOR VEHICLE THEFT,1
144,PUBLIC PEACE VIOLATION,1
144,THEFT,1
145,CRIMINAL DAMAGE,8
145,THEFT,4
145,BATTERY,3
145,ASSAULT,1
145,MOTOR VEHICLE THEFT,1
145,OFFENSE INVOLVING CHILDREN,1
145,PUBLIC PEACE VIOLATION,1
145,WEAPONS VIOLATION,1
146,BATTERY,5
146,CRIMINAL DAMAGE,3
146,MOTOR VEHICLE THEFT,2
146,ASSAULT,1
146,CRIMINAL TRESPASS,1
146,DECEPTIVE PRACTICE,1
146,OTHER OFFENSE,1
146,WEAPONS VIOLATION,1
147,CRIMINAL DAMAGE,2
147,DECEPTIVE PRACTICE,2
147,BATTERY,1
147,BURGLARY,1
147,THEFT,1
148,BURGLARY,4
148,CRIMINAL DAMAGE,4
148,THEFT,4
148,ASSAULT,1
148,BATTERY,1
148,MOTOR VEHICLE THEFT,1
149,MOTOR VEHICLE THEFT,5
149,THEFT,5
149,CRIMINAL DAMAGE,4
149,BATTERY,3
149,DECEPTIVE PRACTICE,3
149,BURGLARY,1
149,CRIMINAL TRESPASS,1
149,SEX OFFENSE,1
150,BATTERY,3
150,THEFT,3
150,CRIMINAL TRESPASS,1
150,DECEPTIVE PRACTICE,1
150,MOTOR VEHICLE THEFT,1
150,PUBLIC PEACE VIOLATION,1
151,CRIMINAL DAMAGE,7
151,BATTERY,6
151,MOTOR VEHICLE THEFT,6
151,THEFT,6
151,ASSAULT,4
151,BURGLARY,2
151,CRIMINAL TRESPASS,2
151,OTHER OFFENSE,2
151,WEAPONS VIOLATION,2
151,DECEPTIVE PRACTICE,1
151,OFFENSE INVOLVING CHILDREN,1
152,CRIMINAL DAMAGE,3
152,THEFT,3
153,BATTERY,4
153,CRIMINAL DAMAGE,3
153,OTHER OFFENSE,2
153,ASSAULT,1
154,CRIMINAL DAMAGE,3
154,MOTOR VEHICLE THEFT,2
154,BATTERY,1
154,DECEPTIVE PRACTICE,1
154,OTHER OFFENSE,1
155,THEFT,9
155,BATTERY,4
155,CRIMINAL DAMAGE,4
155,MOTOR VEHICLE THEFT,3
155,ASSAULT,1
155,BURGLARY,1
155,DECEPTIVE PRACTICE,1
155,OTHER OFFENSE,1
156,BATTERY,3
156,CRIMINAL DAMAGE,3
156,MOTOR VEHICLE THEFT,2
156,OTHER OFFENSE,1
156,THEFT,1
156,WEAPONS VIOLATION,1
157,OTHER OFFENSE,3
157,NARCOTICS,2
157,ASSAULT,1
157,BURGLARY,1
157,CRIMINAL DAMAGE,1
157,CRIMINAL TRESPASS,1
157,INTIMIDATION,1
157,LIQUOR LAW VIOLATION,1
157,THEFT,1
158,BATTERY,3
158,CRIMINAL DAMAGE,3
158,DECEPTIVE PRACTICE,2
158,OTHER OFFENSE,2
158,BURGLARY,1
158,MOTOR VEHICLE THEFT,1
158,ROBBERY,1
158,THEFT,1
158,WEAPONS VIOLATION,1
159,THEFT,8
159,ASSAULT,2
159,BATTERY,2
159,CRIMINAL DAMAGE,2
159,PUBLIC PEACE VIOLATION,2
159,NARCOTICS,1
159,OTHER OFFENSE,1
159,STALKING,1
160,THEFT,7
160,CRIMINAL DAMAGE,6
160,BATTERY,5
160,OTHER OFFENSE,3
160,BURGLARY,2
160,WEAPONS VIOLATION,2
160,CRIMINAL TRESPASS,1
160,MOTOR VEHICLE THEFT,1
160,NARCOTICS,1
161,THEFT,6
161,DECEPTIVE PRACTICE,2
161,ASSAULT,1
161,BURGLARY,1
162,CRIMINAL DAMAGE,11
162,BATTERY,5
162,THEFT,4
162,ASSAULT,3
162,MOTOR VEHICLE THEFT,3
162,BURGLARY,2
162,DECEPTIVE PRACTICE,1
163,DECEPTIVE PRACTICE,6
163,ROBBERY,4
163,CRIMINAL DAMAGE,3
163,BATTERY,2
163,ASSAULT,1
163,CRIMINAL SEXUAL ASSAULT,1
163,OTHER OFFENSE,1
163,PROSTITUTION,1
163,THEFT,1
164,MOTOR VEHICLE THEFT,3
164,BATTERY,2
164,OTHER OFFENSE,2
164,CRIMINAL DAMAGE,1
164,DECEPTIVE PRACTICE,1
164,STALKING,1
165,ASSAULT,2
165,BATTERY,2
165,MOTOR VEHICLE THEFT,2
165,BURGLARY,1
165,OTHER OFFENSE,1
165,THEFT,1
166,BATTERY,3
166,OTHER OFFENSE,3
166,THEFT,3
166,ROBBERY,2
166,BURGLARY,1
166,CRIMINAL SEXUAL ASSAULT,1
166,MOTOR VEHICLE THEFT,1
167,BATTERY,3
167,ASSAULT,2
167,DECEPTIVE PRACTICE,2
167,NARCOTICS,2
167,OTHER OFFENSE,2
167,CRIMINAL DAMAGE,1
167,MOTOR VEHICLE THEFT,1
167,ROBBERY,1
167,THEFT,1
167,WEAPONS VIOLATION,1
168,BATTERY,3
168,CRIMINAL DAMAGE,2
168,OTHER OFFENSE,2
168,THEFT,2
168,MOTOR VEHICLE THEFT,1
169,MOTOR VEHICLE THEFT,6
169,ASSAULT,2
169,CRIMINAL DAMAGE,1
169,CRIMINAL TRESPASS,1
169,OTHER OFFENSE,1
169,THEFT,1
169,WEAPONS VIOLATION,1
170,BURGLARY,3
170,THEFT,3
170,BATTERY,2
170,CRIMINAL DAMAGE,1
170,DECEPTIVE PRACTICE,1
171,BATTERY,4
171,MOTOR VEHICLE THEFT,4
171,ASSAULT,3
171,THEFT,3
171,ARSON,2
171,CRIMINAL DAMAGE,2
171,DECEPTIVE PRACTICE,1
171,WEAPONS VIOLATION,1
172,CRIMINAL DAMAGE,11
172,THEFT,7
172,BURGLARY,2
173,ASSAULT,3
173,OTHER OFFENSE,3
173,CRIMINAL DAMAGE,2
173,CRIMINAL TRESPASS,2
173,THEFT,2
173,BATTERY,1
173,BURGLARY,1
173,MOTOR VEHICLE THEFT,1
173,OFFENSE INVOLVING CHILDREN,1
173,STALKING,1
174,ASSAULT,2
174,BATTERY,2
174,MOTOR VEHICLE THEFT,2
174,OTHER OFFENSE,2
174,CRIMINAL DAMAGE,1
174,THEFT,1
175,BATTERY,3
175,THEFT,3
175,CRIMINAL DAMAGE,2
175,MOTOR VEHICLE THEFT,2
175,ASSAULT,1
175,BURGLARY,1
175,ROBBERY,1
176,BATTERY,2
176,DECEPTIVE PRACTICE,2
176,BURGLARY,1
176,OTHER OFFENSE,1
176,THEFT,1
177,BURGLARY,2
177,CRIMINAL TRESPASS,1
177,INTIMIDATION,1
177,MOTOR VEHICLE THEFT,1
178,CRIMINAL DAMAGE,6
178,BATTERY,4
178,MOTOR VEHICLE THEFT,4
178,ASSAULT,3
178,THEFT,3
178,OTHER OFFENSE,2
178,DECEPTIVE PRACTICE,1
178,INTERFERENCE WITH PUBLIC OFFICER,1
179,CRIMINAL DAMAGE,13
179,THEFT,4
179,BURGLARY,1
179,CRIMINAL TRESPASS,1
179,DECEPTIVE PRACTICE,1
180,BURGLARY,3
180,ASSAULT,2
180,BATTERY,1
180,CRIMINAL DAMAGE,1
180,DECEPTIVE PRACTICE,1
180,MOTOR VEHICLE THEFT,1
180,OBSCENITY,1
180,OTHER OFFENSE,1
180,THEFT,1
181,BATTERY,3
181,ASSAULT,1
181,BURGLARY,1
181,CRIMINAL DAMAGE,1
181,DECEPTIVE PRACTICE,1
181,OTHER OFFENSE,1
181,THEFT,1
181,WEAPONS VIOLATION,1
182,BATTERY,6
182,CRIMINAL TRESPASS,4
182,DECEPTIVE PRACTICE,4
182,INTERFERENCE WITH PUBLIC OFFICER,1
182,THEFT,1
183,CRIMINAL DAMAGE,11
183,MOTOR VEHICLE THEFT,2
183,THEFT,2
184,THEFT,2
184,BATTERY,1
184,CRIMINAL DAMAGE,1
184,MOTOR VEHICLE THEFT,1
185,OTHER OFFENSE,3
185,BATTERY,2
185,DECEPTIVE PRACTICE,2
185,THEFT,2
185,BURGLARY,1
186,ASSAULT,3
186,OTHER OFFENSE,3
186,BATTERY,2
186,BURGLARY,1
186,CRIMINAL DAMAGE,1
186,THEFT,1
187,THEFT,4
187,BATTERY,2
187,CRIMINAL DAMAGE,2
187,DECEPTIVE PRACTICE,2
187,MOTOR VEHICLE THEFT,1
187,OFFENSE INVOLVING CHILDREN,1
188,THEFT,3
188,BATTERY,2
188,BURGLARY,2
188,MOTOR VEHICLE THEFT,2
188,ASSAULT,1
189,BATTERY,2
189,MOTOR VEHICLE THEFT,2
189,BURGLARY,1
189,CRIMINAL DAMAGE,1
189,CRIMINAL TRESPASS,1
189,THEFT,1
190,CRIMINAL DAMAGE,4
190,MOTOR VEHICLE THEFT,4
190,BATTERY,2
191,THEFT,4
191,CRIMINAL DAMAGE,3
191,BATTERY,2
191,OTHER OFFENSE,2
191,MOTOR VEHICLE THEFT,1
192,THEFT,2
192,MOTOR VEHICLE THEFT,1
192,NARCOTICS,1
193,BURGLARY,2
193,THEFT,2
193,OTHER OFFENSE,1
194,BATTERY,4
194,ASSAULT,1
194,DECEPTIVE PRACTICE,1
194,MOTOR VEHICLE THEFT,1
194,THEFT,1
194,WEAPONS VIOLATION,1
195,BATTERY,1
196,BURGLARY,2
196,ASSAULT,1
196,BATTERY,1
196,CRIMINAL DAMAGE,1
196,DECEPTIVE PRACTICE,1
196,OTHER OFFENSE,1
196,STALKING,1
197,BATTERY,4
197,THEFT,3
197,CRIMINAL SEXUAL ASSAULT,2
197,BURGLARY,1
197,DECEPTIVE PRACTICE,1
197,MOTOR VEHICLE THEFT,1
197,ROBBERY,1
198,BATTERY,2
198,DECEPTIVE PRACTICE,1
198,MOTOR VEHICLE THEFT,1
199,BURGLARY,3
199,OTHER OFFENSE,2
199,BATTERY,1
199,CRIMINAL DAMAGE,1
199,DECEPTIVE PRACTICE,1
199,NARCOTICS,1
199,ROBBERY,1
199,WEAPONS VIOLATION,1
200,CRIMINAL DAMAGE,6
200,THEFT,4
200,ASSAULT,1
200,BATTERY,1
200,DECEPTIVE PRACTICE,1
200,MOTOR VEHICLE THEFT,1
200,NARCOTICS,1
200,OFFENSE INVOLVING CHILDREN,1
201,CRIMINAL DAMAGE,2
201,DECEPTIVE PRACTICE,2
201,THEFT,2
201,ASSAULT,1
201,BATTERY,1
201,MOTOR VEHICLE THEFT,1
201,OTHER OFFENSE,1
202,CRIMINAL DAMAGE,6
202,THEFT,2
202,BATTERY,1
202,BURGLARY,1
202,CRIMINAL TRESPASS,1
202,MOTOR VEHICLE THEFT,1
203,CRIMINAL DAMAGE,5
203,THEFT,2
203,ASSAULT,1
203,BATTERY,1
203,OTHER OFFENSE,1
204,MOTOR VEHICLE THEFT,3
204,CRIMINAL DAMAGE,2
204,BATTERY,1
205,BATTERY,2
205,CRIMINAL DAMAGE,2
205,ASSAULT,1
205,MOTOR VEHICLE THEFT,1
205,SEX OFFENSE,1
205,THEFT,1
206,THEFT,2
206,BATTERY,1
206,CRIMINAL DAMAGE,1
206,CRIMINAL TRESPASS,1
206,DECEPTIVE PRACTICE,1
206,MOTOR VEHICLE THEFT,1
206,ROBBERY,1
207,DECEPTIVE PRACTICE,3
207,THEFT,3
207,ASSAULT,1
207,BATTERY,1
207,MOTOR VEHICLE THEFT,1
207,OTHER OFFENSE,1
207,ROBBERY,1
208,BATTERY,3
208,THEFT,3
208,ASSAULT,1
208,BURGLARY,1
208,NARCOTICS,1
209,BURGLARY,3
209,BATTERY,2
209,MOTOR VEHICLE THEFT,2
209,THEFT,2
209,ASSAULT,1
209,CRIMINAL DAMAGE,1
209,DECEPTIVE PRACTICE,1
210,CRIMINAL DAMAGE,5
210,MOTOR VEHICLE THEFT,2
210,BURGLARY,1
211,CRIMINAL DAMAGE,2
211,MOTOR VEHICLE THEFT,2
211,ASSAULT,1
211,BATTERY,1
211,BURGLARY,1
211,STALKING,1
211,THEFT,1
212,CRIMINAL DAMAGE,3
212,DECEPTIVE PRACTICE,2
212,OTHER OFFENSE,2
212,ASSAULT,1
212,MOTOR VEHICLE THEFT,1
212,THEFT,1
213,CRIMINAL DAMAGE,2
213,CRIMINAL TRESPASS,2
213,THEFT,2
213,BATTERY,1
213,DECEPTIVE PRACTICE,1
213,MOTOR VEHICLE THEFT,1
213,SEX OFFENSE,1
214,CRIMINAL DAMAGE,5
214,OTHER OFFENSE,2
214,BATTERY,1
214,BURGLARY,1
214,NARCOTICS,1
214,OFFENSE INVOLVING CHILDREN,1
215,BATTERY,4
215,MOTOR VEHICLE THEFT,3
215,CRIMINAL DAMAGE,2
215,WEAPONS VIOLATION,1
